{
  "project_info": {
    "project_number": "229922076357",
    "project_id": "home-delivery-app-39c4b",
    "storage_bucket": "home-delivery-app-39c4b.appspot.com"
  },
  "client": [
    {
      "client_info": {
        "mobilesdk_app_id": "1:229922076357:android:1ca314e3af2156275a62ac",
        "android_client_info": {
          "package_name": "com.example.HomeDeliveryapp"
        }
      },
      "oauth_client": [
        {
          "client_id": "229922076357-eaj5ak0lrdvs8rcjhu6fi66ahd8g5jfc.apps.googleusercontent.com",
          "client_type": 3
        }
      ],
      "api_key": [
        {
          "current_key": "AIzaSyCfTaRwQPVEBPXoGMA2HmP9Zk15qRWNHgk"
        }
      ],
      "services": {
        "appinvite_service": {
          "other_platform_oauth_client": [
            {
              "client_id": "229922076357-eaj5ak0lrdvs8rcjhu6fi66ahd8g5jfc.apps.googleusercontent.com",
              "client_type": 3
            }
          ]
        }
      }
    }
  ],
  "configuration_version": "1"
}